{"Episode/metric_energy_square":211621.078125,"Loss/hist_latent_loss":0.826634618639946,"Episode/coeff_tracking_ang_vel_yaw_exp":0.15000000596046448,"Episode/coeff_lin_vel_x_upper_bound":0.9000000357627869,"Policy/leg_mean_noise_std":0.9212538599967957,"Perf/total_fps":3211,"Policy/arm_mean_noise_std":0.9958028793334961,"Episode/metric_foot_contacts_z":1207.6905517578125,"Train/dones":0.0503125,"Train/mean_reward":-1.1687735775113106,"_runtime":36.819401157,"Episode/rew_hip_action_l2":-0.046290140599012375,"Episode/rew_tracking_lin_vel_x_l1":-0.30225273966789246,"Episode/rew_energy_square":-12.697263717651367,"_step":11,"Episode/metric_leg_action_l2":4.629014015197754,"Episode/metric_tracking_ee_sphere":2.741205930709839,"Loss/value_mixing_ratio":0.0036666666666666666,"Episode/rew_arm_energy_abs_sum":-0.193588986992836,"Loss/arm_torques_loss":0,"_wandb":{"runtime":36},"Train/mean_episode_length":18.3,"Episode/rew_survive":0.39009401202201843,"Episode/coeff_ang_vel_yaw_upper_bound":1,"Episode/rew_foot_contacts_z":-0.12076904624700546,"_timestamp":1.7641297919854782e+09,"Loss/priv_ref_lambda":0,"Loss/learning_rate":0.0002,"Perf/learning_time":0.07727670669555664,"Episode/coeff_lin_vel_x_lower_bound":0,"Policy/noise_std_dist":{"values":[1,0,1,1,0,0,1,0,0,0,0,0,0,0,0,0,0,0,0,0,0,0,0,0,0,0,0,0,0,0,0,0,0,0,0,0,0,0,0,0,0,0,0,0,0,0,0,0,0,0,0,0,0,0,1,0,1,2,0,3,3,3,0,1],"bins":[0.7834823727607727,0.7869347929954529,0.7903871536254883,0.7938395738601685,0.7972919940948486,0.800744354724884,0.8041967749595642,0.8076491951942444,0.8111015558242798,0.81455397605896,0.8180063962936401,0.8214587569236755,0.8249111771583557,0.8283635973930359,0.8318159580230713,0.8352683782577515,0.8387207984924316,0.842173159122467,0.8456255793571472,0.8490779995918274,0.8525303602218628,0.855982780456543,0.8594352006912231,0.8628875613212585,0.8663399815559387,0.8697924017906189,0.8732447624206543,0.8766971826553345,0.8801496028900146,0.88360196352005,0.8870543837547302,0.8905068039894104,0.8939591646194458,0.897411584854126,0.9008640050888062,0.9043164253234863,0.9077687859535217,0.9112212061882019,0.9146736264228821,0.9181259870529175,0.9215784072875977,0.9250308275222778,0.9284831881523132,0.9319356083869934,0.9353880286216736,0.938840389251709,0.9422928094863892,0.9457452297210693,0.9491975903511047,0.9526500105857849,0.9561024308204651,0.9595547914505005,0.9630072116851807,0.9664596319198608,0.9699119925498962,0.9733644127845764,0.9768168330192566,0.980269193649292,0.9837216138839722,0.9871740341186523,0.9906263947486877,0.9940788149833679,0.9975312352180481,1.0009835958480835,1.0044360160827637],"_type":"histogram"},"Loss/priv_reg_loss":0.7960600584745408,"Loss/torque_supervision_weight":0,"Episode/metric_tracking_ang_vel_yaw_exp":2.58237624168396,"Episode/rew_tracking_ee_sphere":0.27983394265174866,"Episode/metric_leg_energy_abs_sum":0,"Perf/collection time":0.7198660373687744,"Episode/coeff_ang_vel_yaw_lower_bound":-1,"Loss/surrogate":-0.011539665394411713,"Episode/rew_tracking_ang_vel_yaw_exp":0.12096315622329712,"Loss/value_function":0.2044423922896385,"Episode/metric_tracking_ee_orn":0,"Episode/metric_tracking_lin_vel_x_l1":0.6896194815635681,"Episode/metric_torque":0,"Train/mean_arm_reward":0.008430803955416195,"Episode/metric_tracking_ee_cart":0}