{"_wandb":{"runtime":1116},"Episode/metric_leg_action_l2":0.8073031306266785,"Loss/value_mixing_ratio":0.2653333333333333,"Episode/rew_foot_contacts_z":-0.0014053358463570476,"_timestamp":1.764164245708769e+09,"Episode/metric_tracking_ee_cart":0,"Episode/rew_tracking_ang_vel_yaw_exp":0.13207589089870453,"Loss/learning_rate":0.0002,"Perf/collection time":1.2924385070800781,"Train/dones":0.09991455078125,"Episode/rew_arm_energy_abs_sum":-0.0014526409795507789,"Loss/surrogate":-0.002079809874521743,"Episode/coeff_ang_vel_yaw_lower_bound":-1,"Episode/metric_foot_contacts_z":14.053359031677246,"Episode/metric_tracking_ee_orn":0,"Episode/coeff_lin_vel_x_lower_bound":0,"Episode/metric_tracking_ee_sphere":0.7688975930213928,"Episode/metric_tracking_ang_vel_yaw_exp":0.14409995079040527,"Episode/coeff_ang_vel_yaw_upper_bound":1,"Loss/torque_supervision_weight":0,"Perf/total_fps":109117,"Train/mean_arm_reward":0.02655265570618212,"Episode/coeff_lin_vel_x_upper_bound":0.9000000357627869,"Loss/hist_latent_loss":1.2257898211479188,"Episode/coeff_tracking_ang_vel_yaw_exp":0.15000000596046448,"Train/mean_reward":0.004821287493105047,"Policy/arm_mean_noise_std":0.3720126748085022,"Train/mean_episode_length":10.06,"Episode/rew_survive":0.20026297867298126,"Episode/metric_torque":0,"Loss/priv_reg_loss":1.2173314988613129,"Episode/metric_leg_energy_abs_sum":0,"_runtime":1116.644531303,"Loss/value_function":5.984199960948899e-05,"Episode/rew_tracking_ee_sphere":0.2665122449398041,"Episode/metric_tracking_lin_vel_x_l1":0.18126928806304932,"Episode/rew_tracking_lin_vel_x_l1":-0.07010865211486816,"Perf/learning_time":0.20906662940979004,"Loss/arm_torques_loss":0,"Policy/noise_std_dist":{"bins":[0.15000000596046448,0.15640591084957123,0.16281181573867798,0.16921773552894592,0.17562364041805267,0.18202954530715942,0.18843545019626617,0.19484136998653412,0.20124727487564087,0.20765317976474762,0.21405908465385437,0.22046498954296112,0.22687090933322906,0.23327681422233582,0.23968271911144257,0.24608862400054932,0.25249454379081726,0.2589004337787628,0.26530635356903076,0.2717122733592987,0.27811816334724426,0.2845240831375122,0.29092997312545776,0.2973358929157257,0.30374181270599365,0.3101477026939392,0.31655362248420715,0.3229595124721527,0.32936543226242065,0.3357713520526886,0.34217724204063416,0.3485831618309021,0.35498905181884766,0.3613949716091156,0.36780089139938354,0.3742067813873291,0.38061270117759705,0.387018620967865,0.39342451095581055,0.3998304307460785,0.40623632073402405,0.412642240524292,0.41904816031455994,0.4254540503025055,0.43185997009277344,0.438265860080719,0.44467177987098694,0.4510776996612549,0.45748358964920044,0.4638895094394684,0.47029539942741394,0.4767013192176819,0.48310723900794983,0.4895131289958954,0.49591904878616333,0.5023249387741089,0.5087308883666992,0.5151367783546448,0.5215426683425903,0.5279485583305359,0.5343545079231262,0.5407603979110718,0.5471662878990173,0.5535722374916077,0.5599781274795532],"_type":"histogram","values":[4,0,0,0,0,0,0,1,0,0,0,0,0,0,0,8,0,0,0,0,1,0,0,0,1,0,0,0,0,0,0,0,0,0,0,0,1,0,0,0,0,0,0,0,0,0,0,0,0,0,0,0,0,0,1,0,0,0,0,0,0,0,0,1]},"Loss/priv_ref_lambda":0,"_step":796,"Episode/rew_energy_square":-0.22735480964183807,"Policy/leg_mean_noise_std":0.21666666865348816,"Episode/rew_hip_action_l2":-0.008073031902313232,"Episode/metric_energy_square":3789.246826171875}