{"_wandb":{"runtime":903},"Episode/coeff_lin_vel_x_lower_bound":0,"Episode/rew_tracking_lin_vel_x_l1":-0.024219680577516556,"Episode/coeff_ang_vel_yaw_lower_bound":-1,"Episode/metric_tracking_ee_sphere":0.6582704782485962,"Episode/metric_leg_energy_abs_sum":0,"Episode/metric_energy_square":4371.9111328125,"Episode/metric_foot_contacts_z":10.908350944519043,"Episode/rew_foot_contacts_z":-0.0010908350814133883,"Episode/rew_survive":0.17146766185760498,"Train/mean_reward":-0.0012244083132827654,"Episode/metric_tracking_lin_vel_x_l1":0.07889386266469955,"Episode/metric_tracking_ang_vel_yaw_exp":0.1531274914741516,"Loss/learning_rate":0.0002,"Loss/value_function":3.4532738209236416e-05,"Episode/coeff_tracking_ang_vel_yaw_exp":0.15000000596046448,"Episode/coeff_lin_vel_x_upper_bound":0.9000000357627869,"Perf/learning_time":0.25730204582214355,"Episode/rew_tracking_ang_vel_yaw_exp":0.10930202156305313,"Policy/noise_std_dist":{"_type":"histogram","values":[2,0,0,0,0,0,0,0,0,0,0,0,4,0,0,0,0,0,3,0,0,0,0,0,8,0,0,0,0,0,0,0,0,0,0,0,0,0,0,0,0,0,0,0,0,0,0,0,0,0,0,0,0,0,0,0,0,0,0,0,0,0,0,1],"bins":[0.05000000074505806,0.05800926312804222,0.06601852923631668,0.07402779161930084,0.082037054002285,0.09004631638526917,0.09805557876825333,0.10606484860181808,0.11407411098480225,0.12208337336778641,0.13009263575077057,0.13810190558433533,0.1461111605167389,0.15412043035030365,0.16212968528270721,0.17013895511627197,0.17814821004867554,0.1861574798822403,0.19416674971580505,0.20217600464820862,0.21018527448177338,0.21819452941417694,0.2262037992477417,0.23421305418014526,0.24222232401371002,0.2502315938472748,0.25824084877967834,0.2662501037120819,0.27425938844680786,0.2822686433792114,0.290277898311615,0.29828718304634094,0.3062964379787445,0.31430569291114807,0.32231494784355164,0.3303242325782776,0.33833348751068115,0.3463427424430847,0.35435202717781067,0.36236128211021423,0.3703705370426178,0.37837979197502136,0.3863890767097473,0.3943983316421509,0.40240758657455444,0.4104168713092804,0.41842612624168396,0.4264353811740875,0.4344446361064911,0.44245392084121704,0.4504631757736206,0.45847243070602417,0.4664817154407501,0.4744909703731537,0.48250022530555725,0.4905094802379608,0.49851876497268677,0.5065280199050903,0.5145372748374939,0.5225465297698975,0.530555784702301,0.5385650992393494,0.5465743541717529,0.5545836091041565,0.5625928640365601]},"Episode/coeff_ang_vel_yaw_upper_bound":1,"Loss/priv_reg_loss":0.732848870754242,"Perf/collection time":1.465134859085083,"Episode/metric_leg_action_l2":1.1984647512435913,"Loss/torque_supervision_weight":0,"Episode/rew_energy_square":-0.26231464743614197,"Episode/rew_arm_energy_abs_sum":-0.01141070295125246,"Loss/surrogate":-0.0027472617992316374,"Loss/arm_torques_loss":0,"Loss/value_mixing_ratio":0.174,"_timestamp":1.764234320400609e+09,"Episode/rew_tracking_ee_sphere":0.22819511592388153,"Loss/hist_latent_loss":0.7325643002986908,"Train/mean_arm_reward":0.021421240847557782,"_runtime":903.716622443,"Policy/arm_mean_noise_std":0.21060054004192352,"Episode/metric_tracking_ee_orn":0,"Episode/rew_hip_action_l2":-0.011984647251665592,"Train/dones":0.116578,"Perf/total_fps":116114,"Train/mean_episode_length":8.43,"Episode/metric_torque":0,"Policy/leg_mean_noise_std":0.21666666865348816,"_step":522,"Episode/metric_tracking_ee_cart":0,"Loss/priv_ref_lambda":0}