{"Episode/metric_foot_contacts_z":15.200873374938965,"Loss/priv_reg_loss":1.1009525656700134,"_timestamp":1.764166498096559e+09,"Episode/metric_torque":0,"Policy/leg_mean_noise_std":0.21667949855327606,"Train/dones":0.103310546875,"Loss/value_mixing_ratio":0.225,"Episode/metric_tracking_ang_vel_yaw_exp":0.16462640464305878,"Episode/rew_survive":0.1937301903963089,"Episode/metric_energy_square":4350.2275390625,"Train/mean_episode_length":9.63,"Episode/coeff_tracking_ang_vel_yaw_exp":0.15000000596046448,"Loss/torque_supervision_weight":0,"_step":675,"Episode/metric_tracking_ee_sphere":0.7489614486694336,"Policy/arm_mean_noise_std":0.40679091215133667,"Loss/value_function":8.496893897245173e-05,"Loss/learning_rate":0.0002,"Episode/metric_tracking_ee_orn":0,"Perf/collection time":1.2279236316680908,"Episode/metric_leg_energy_abs_sum":0,"Loss/surrogate":-0.0023255877377778233,"Episode/rew_arm_energy_abs_sum":-0.0016648330492898822,"Episode/metric_leg_action_l2":0.8295769691467285,"_runtime":962.88019139,"Episode/rew_tracking_lin_vel_x_l1":-0.06935012340545654,"_wandb":{"runtime":962},"Train/mean_arm_reward":0.02614516008645296,"Perf/total_fps":113994,"Episode/rew_energy_square":-0.2610136568546295,"Episode/metric_tracking_lin_vel_x_l1":0.17841194570064545,"Episode/rew_tracking_ang_vel_yaw_exp":0.12500977516174316,"Episode/rew_foot_contacts_z":-0.0015200873604044318,"Episode/coeff_ang_vel_yaw_lower_bound":-1,"Episode/rew_tracking_ee_sphere":0.2564103901386261,"Episode/coeff_lin_vel_x_lower_bound":0,"Loss/hist_latent_loss":1.0913462936878204,"Episode/coeff_lin_vel_x_upper_bound":0.9000000357627869,"Episode/metric_tracking_ee_cart":0,"Loss/priv_ref_lambda":0,"Policy/noise_std_dist":{"values":[4,0,0,0,0,0,0,0,1,0,0,0,0,0,0,0,8,0,0,1,0,0,0,0,0,0,0,0,0,0,0,0,0,0,0,0,0,0,0,0,0,0,0,0,0,0,1,0,0,0,0,1,0,0,0,0,0,0,0,0,1,0,0,1],"bins":[0.15000000596046448,0.15617071092128754,0.1623414158821106,0.16851212084293365,0.17468281090259552,0.18085351586341858,0.18702422082424164,0.1931949257850647,0.19936563074588776,0.20553633570671082,0.21170702576637268,0.21787773072719574,0.2240484356880188,0.23021914064884186,0.23638984560966492,0.24256055057048798,0.24873125553131104,0.2549019455909729,0.26107266545295715,0.267243355512619,0.2734140455722809,0.27958476543426514,0.285755455493927,0.29192617535591125,0.2980968654155731,0.3042675852775574,0.31043827533721924,0.3166089653968811,0.32277968525886536,0.3289503753185272,0.3351210951805115,0.34129178524017334,0.3474624752998352,0.35363319516181946,0.3598038852214813,0.3659746050834656,0.37214529514312744,0.3783160150051117,0.38448670506477356,0.3906573951244354,0.3968281149864197,0.40299880504608154,0.4091695249080658,0.41534021496772766,0.4215109348297119,0.4276816248893738,0.43385231494903564,0.4400230348110199,0.44619372487068176,0.452364444732666,0.4585351347923279,0.46470585465431213,0.470876544713974,0.47704723477363586,0.4832179546356201,0.489388644695282,0.49555936455726624,0.5017300844192505,0.5079007744789124,0.5140714645385742,0.5202421545982361,0.526412844657898,0.5325835943222046,0.5387542843818665,0.5449249744415283],"_type":"histogram"},"Train/mean_reward":0.0009163557199644856,"Perf/learning_time":0.20934462547302246,"Loss/arm_torques_loss":0,"Episode/coeff_ang_vel_yaw_upper_bound":1,"Episode/rew_hip_action_l2":-0.008295769803225994}