{"Train/mean_reward":-0.0015276153478771448,"Loss/hist_latent_loss":0.8050334095954895,"Perf/total_fps":113310,"Loss/value_mixing_ratio":0.229,"Episode/metric_tracking_ee_sphere":0.6705233454704285,"Perf/collection time":1.506624698638916,"Loss/value_function":8.29700700705871e-05,"Episode/coeff_ang_vel_yaw_upper_bound":1,"Loss/torque_supervision_weight":0,"Policy/arm_mean_noise_std":0.169478178024292,"Train/mean_episode_length":8.62,"_step":687,"_timestamp":1.7642460568553185e+09,"Loss/surrogate":-0.0025718370685353874,"Episode/coeff_ang_vel_yaw_lower_bound":-1,"Episode/metric_tracking_ee_cart":0,"Episode/rew_survive":0.174886092543602,"Episode/rew_tracking_ang_vel_yaw_exp":0.10887465626001358,"Perf/learning_time":0.2584402561187744,"Episode/metric_tracking_lin_vel_x_l1":0.12849679589271545,"Episode/rew_hip_action_l2":-0.01158695574849844,"Loss/learning_rate":0.0002,"Policy/noise_std_dist":{"_type":"histogram","values":[2,0,0,0,0,0,0,0,0,0,0,0,0,0,0,0,0,0,0,0,0,0,0,4,0,0,0,0,0,0,0,0,0,0,0,3,0,0,0,0,0,0,0,0,0,0,0,8,0,0,0,0,0,0,0,0,0,0,0,0,0,0,0,1],"bins":[0.05000000074505806,0.054169829934835434,0.05833965912461281,0.06250949203968048,0.06667932122945786,0.07084915041923523,0.0750189796090126,0.07918880879878998,0.08335863798856735,0.08752846717834473,0.0916982963681221,0.09586812555789948,0.10003795474767685,0.10420778393745422,0.1083776131272316,0.11254744231700897,0.11671727150678635,0.12088710069656372,0.1250569224357605,0.12922675907611847,0.13339658081531525,0.13756641745567322,0.1417362540960312,0.14590607583522797,0.15007591247558594,0.15424573421478271,0.15841557085514069,0.16258539259433746,0.16675522923469543,0.1709250509738922,0.17509488761425018,0.17926470935344696,0.18343454599380493,0.1876043677330017,0.19177420437335968,0.19594402611255646,0.20011386275291443,0.2042836844921112,0.20845352113246918,0.21262334287166595,0.21679317951202393,0.2209630012512207,0.22513283789157867,0.22930265963077545,0.23347249627113342,0.2376423180103302,0.24181215465068817,0.24598197638988495,0.2501518130302429,0.2543216347694397,0.2584914565086365,0.26266130805015564,0.2668311297893524,0.2710009515285492,0.27517077326774597,0.27934062480926514,0.2835104465484619,0.2876802682876587,0.29185009002685547,0.29601994156837463,0.3001897633075714,0.3043595850467682,0.30852940678596497,0.31269925832748413,0.3168690800666809]},"Policy/leg_mean_noise_std":0.21666666865348816,"Episode/rew_energy_square":-0.2761537730693817,"Episode/metric_energy_square":4602.56298828125,"Episode/metric_tracking_ang_vel_yaw_exp":0.1790921688079834,"Episode/coeff_lin_vel_x_upper_bound":0.9000000357627869,"Train/dones":0.114634,"Episode/metric_foot_contacts_z":10.885684967041016,"Loss/priv_reg_loss":0.8090133726596832,"Train/mean_arm_reward":0.014429884796845727,"Episode/rew_tracking_lin_vel_x_l1":-0.04862559959292412,"Episode/rew_tracking_ee_sphere":0.23276105523109436,"Episode/metric_tracking_ee_orn":0,"Episode/metric_leg_energy_abs_sum":0,"Episode/rew_foot_contacts_z":-0.0010885685915127397,"Loss/priv_ref_lambda":0,"_wandb":{"runtime":1117},"Episode/metric_torque":0,"Episode/coeff_tracking_ang_vel_yaw_exp":0.15000000596046448,"Episode/coeff_lin_vel_x_lower_bound":0,"Episode/metric_leg_action_l2":1.1586955785751343,"Loss/arm_torques_loss":0,"_runtime":1117.793294243,"Episode/rew_arm_energy_abs_sum":-0.08148624002933502}