{"Policy/noise_std_dist":{"_type":"histogram","values":[2,0,0,0,0,0,0,0,0,0,0,0,0,0,0,0,0,0,0,0,0,0,0,0,0,0,0,0,0,0,0,4,0,0,0,0,0,0,0,0,0,0,0,0,0,0,3,0,0,0,0,0,0,0,0,0,0,0,0,0,0,0,8,1],"bins":[0.05000000074505806,0.053222764283418655,0.05644552782177925,0.05966829136013985,0.06289105117321014,0.06611381471157074,0.06933657824993134,0.07255934178829193,0.07578210532665253,0.07900486886501312,0.08222763240337372,0.08545039594173431,0.08867315948009491,0.0918959230184555,0.0951186865568161,0.0983414500951767,0.10156421363353729,0.10478697717189789,0.10800974071025848,0.11123250424861908,0.11445526778697968,0.11767803132534027,0.12090079486370087,0.12412355840206146,0.12734632194042206,0.13056908547878265,0.13379184901714325,0.13701461255550385,0.14023737609386444,0.14346013963222504,0.14668290317058563,0.14990566670894623,0.15312843024730682,0.15635119378566742,0.15957395732402802,0.1627967208623886,0.1660194844007492,0.1692422479391098,0.1724650114774704,0.1756877601146698,0.1789105236530304,0.182133287191391,0.1853560507297516,0.18857881426811218,0.19180157780647278,0.19502434134483337,0.19824710488319397,0.20146986842155457,0.20469263195991516,0.20791539549827576,0.21113815903663635,0.21436092257499695,0.21758368611335754,0.22080644965171814,0.22402921319007874,0.22725197672843933,0.23047474026679993,0.23369750380516052,0.23692026734352112,0.2401430308818817,0.2433657944202423,0.2465885579586029,0.2498113214969635,0.2530340850353241,0.2562568485736847]},"Episode/metric_tracking_ee_orn":0,"Loss/torque_supervision_weight":0,"Loss/priv_ref_lambda":0,"Episode/coeff_ang_vel_yaw_lower_bound":-1,"Episode/metric_leg_action_l2":1.058070421218872,"Episode/rew_hip_action_l2":-0.010580703616142273,"Loss/value_mixing_ratio":0.3526666666666667,"Episode/coeff_lin_vel_x_lower_bound":0,"Episode/metric_tracking_lin_vel_x_l1":0.08307149261236191,"Loss/surrogate":-0.002922724883319461,"Loss/priv_reg_loss":1.0114880323410034,"Episode/metric_tracking_ang_vel_yaw_exp":0.1488742083311081,"Episode/rew_arm_energy_abs_sum":-0.01085597462952137,"Perf/learning_time":0.25936079025268555,"Episode/coeff_lin_vel_x_upper_bound":0.9000000357627869,"Train/mean_reward":0.003593811670434661,"Episode/coeff_tracking_ang_vel_yaw_exp":0.15000000596046448,"_runtime":1691.021386769,"_step":1058,"Episode/metric_foot_contacts_z":9.941544532775879,"_timestamp":1.7642423296751e+09,"Policy/arm_mean_noise_std":0.1593761444091797,"Episode/metric_tracking_ee_sphere":0.6853348612785339,"Episode/coeff_ang_vel_yaw_upper_bound":1,"_wandb":{"runtime":1691},"Train/mean_arm_reward":0.02341810816898942,"Train/dones":0.110388,"Loss/value_function":2.798764371618745e-05,"Loss/arm_torques_loss":0,"Train/mean_episode_length":9.04,"Episode/rew_energy_square":-0.24064595997333527,"Perf/collection time":1.3716325759887695,"Loss/learning_rate":0.0002,"Loss/hist_latent_loss":1.0185486018657683,"Episode/rew_tracking_ee_sphere":0.2430904358625412,"Episode/metric_leg_energy_abs_sum":0,"Episode/rew_survive":0.18104414641857147,"Episode/metric_energy_square":4010.766357421875,"Episode/rew_tracking_lin_vel_x_l1":-0.025465458631515503,"Episode/metric_tracking_ee_cart":0,"Perf/total_fps":122624,"Episode/rew_foot_contacts_z":-0.0009941544849425554,"Episode/rew_tracking_ang_vel_yaw_exp":0.11688132584095001,"Episode/metric_torque":0,"Policy/leg_mean_noise_std":0.21666666865348816}