{"Train/mean_arm_reward":0.025730038862675428,"Policy/leg_mean_noise_std":0.21666666865348816,"Loss/value_mixing_ratio":0.8653333333333333,"Loss/learning_rate":0.0002,"Perf/collection time":1.3823745250701904,"Episode/rew_energy_square":-0.16341663897037506,"Episode/metric_energy_square":2723.61083984375,"Episode/coeff_tracking_ang_vel_yaw_exp":0.15000000596046448,"Episode/metric_torque":0,"Episode/metric_tracking_lin_vel_x_l1":0.09898557513952255,"Train/mean_reward":0.013033416457474231,"Perf/total_fps":121809,"Policy/arm_mean_noise_std":0.12501215934753418,"Train/mean_episode_length":10.07,"Loss/value_function":1.0097667154695954e-05,"Loss/surrogate":-0.0035479222995491,"Loss/hist_latent_loss":1.3727756917476654,"Episode/metric_tracking_ee_sphere":0.7643998265266418,"Episode/metric_tracking_ee_cart":0,"Episode/rew_foot_contacts_z":-0.0008835593471303582,"Episode/rew_tracking_lin_vel_x_l1":-0.03133031725883484,"Episode/metric_foot_contacts_z":8.835594177246094,"Episode/rew_tracking_ee_sphere":0.27208051085472107,"Train/dones":0.098826,"Episode/rew_survive":0.20236806571483612,"Episode/rew_tracking_ang_vel_yaw_exp":0.13553683459758759,"Episode/coeff_ang_vel_yaw_lower_bound":-1,"_step":2596,"Loss/priv_ref_lambda":0,"Episode/metric_tracking_ang_vel_yaw_exp":0.12635348737239838,"_wandb":{"runtime":4095},"Perf/learning_time":0.2595348358154297,"Policy/noise_std_dist":{"bins":[0.05000000074505806,0.05312500149011612,0.05625000223517418,0.05937499925494194,0.0625,0.06562499701976776,0.06875000149011612,0.07187499850988388,0.07500000298023224,0.078125,0.08124999701976776,0.08437500149011612,0.08749999850988388,0.09062500298023224,0.09375,0.09687499701976776,0.10000000149011612,0.10312499850988388,0.10625000298023224,0.109375,0.11249999701976776,0.11562500149011612,0.11874999850988388,0.12187500298023224,0.125,0.12812499701976776,0.13124999403953552,0.13437500596046448,0.13750000298023224,0.140625,0.14374999701976776,0.14687499403953552,0.15000000596046448,0.15312500298023224,0.15625,0.15937499701976776,0.16249999403953552,0.16562500596046448,0.16875000298023224,0.171875,0.17499999701976776,0.17812499403953552,0.18125000596046448,0.18437500298023224,0.1875,0.19062499701976776,0.19374999403953552,0.19687500596046448,0.20000000298023224,0.203125,0.20624999701976776,0.20937499403953552,0.21250000596046448,0.21562500298023224,0.21875,0.22187499701976776,0.22499999403953552,0.22812500596046448,0.23125000298023224,0.234375,0.23749999701976776,0.24062499403953552,0.24375000596046448,0.24687500298023224,0.25],"_type":"histogram","values":[3,0,0,0,0,0,0,0,0,0,0,0,0,0,0,0,0,0,0,0,0,0,0,0,0,0,0,0,0,0,0,0,4,0,0,0,0,0,0,0,0,0,0,0,0,0,0,0,3,0,0,0,0,0,0,0,0,0,0,0,0,0,0,8]},"Episode/metric_leg_energy_abs_sum":0,"Episode/rew_arm_energy_abs_sum":-0.009845797903835773,"Episode/metric_leg_action_l2":0.9862523078918457,"Episode/coeff_ang_vel_yaw_upper_bound":1,"Loss/torque_supervision_weight":0,"Episode/rew_hip_action_l2":-0.009862522594630718,"Loss/arm_torques_loss":0,"_timestamp":1.764239746649371e+09,"Loss/priv_reg_loss":1.229111272096634,"Episode/coeff_lin_vel_x_upper_bound":0.9000000357627869,"Episode/metric_tracking_ee_orn":0,"_runtime":4095.167268277,"Episode/coeff_lin_vel_x_lower_bound":0}