{"Episode/rew_tracking_ang_vel_yaw_exp":0.11021415144205093,"Episode/metric_leg_action_l2":1.134885311126709,"Train/dones":0.11558,"Episode/rew_hip_action_l2":-0.011348852887749672,"Loss/arm_torques_loss":0,"Episode/metric_tracking_lin_vel_x_l1":0.09123910963535309,"Perf/learning_time":0.2553706169128418,"Loss/value_function":5.5611956122447735e-05,"Loss/value_mixing_ratio":0.18466666666666667,"Loss/priv_ref_lambda":0,"Train/mean_arm_reward":0.020928954286500812,"Episode/coeff_lin_vel_x_upper_bound":0.9000000357627869,"Episode/metric_leg_energy_abs_sum":0,"_runtime":883.993965861,"Loss/torque_supervision_weight":0,"Episode/coeff_lin_vel_x_lower_bound":0,"Episode/rew_tracking_ee_sphere":0.23093782365322113,"Episode/metric_tracking_ee_sphere":0.6611315011978149,"Loss/hist_latent_loss":0.7296224802732467,"Loss/surrogate":-0.00217672693906934,"Policy/noise_std_dist":{"values":[2,0,0,0,0,0,0,0,0,0,0,0,0,4,0,0,0,0,0,0,3,0,0,0,0,0,0,8,0,0,0,0,0,0,0,0,0,0,0,0,0,0,0,0,0,0,0,0,0,0,0,0,0,0,0,0,0,0,0,0,0,0,0,1],"bins":[0.05000000074505806,0.0573783703148365,0.06475674360990524,0.07213511317968369,0.07951348274946213,0.08689185231924057,0.09427022188901901,0.10164859145879745,0.1090269610285759,0.11640533059835434,0.12378370016813278,0.13116206228733063,0.13854043185710907,0.1459188014268875,0.15329717099666595,0.1606755405664444,0.16805391013622284,0.17543227970600128,0.18281064927577972,0.19018901884555817,0.1975673884153366,0.20494575798511505,0.2123241424560547,0.21970251202583313,0.22708088159561157,0.23445925116539001,0.24183762073516846,0.2492159903049469,0.25659435987472534,0.2639727294445038,0.2713510990142822,0.27872946858406067,0.2861078381538391,0.29348620772361755,0.300864577293396,0.30824294686317444,0.3156213164329529,0.3229996860027313,0.33037805557250977,0.3377564251422882,0.34513479471206665,0.3525131642818451,0.35989153385162354,0.367269903421402,0.3746482729911804,0.38202664256095886,0.3894050121307373,0.39678338170051575,0.4041617512702942,0.41154012084007263,0.4189184904098511,0.4262968599796295,0.43367522954940796,0.4410535991191864,0.44843196868896484,0.4558103382587433,0.46318870782852173,0.47056707739830017,0.4779454469680786,0.48532381653785706,0.4927021861076355,0.5000805258750916,0.5074589252471924,0.5148372650146484,0.5222156643867493],"_type":"histogram"},"Episode/coeff_ang_vel_yaw_lower_bound":-1,"Episode/coeff_tracking_ang_vel_yaw_exp":0.15000000596046448,"Loss/learning_rate":0.0002,"Episode/rew_foot_contacts_z":-0.001069835270754993,"Episode/rew_arm_energy_abs_sum":-0.011128341779112816,"Episode/metric_tracking_ee_orn":0,"Episode/rew_energy_square":-0.2597326934337616,"Episode/rew_tracking_lin_vel_x_l1":-0.03027174435555935,"_timestamp":1.764231335950033e+09,"Episode/metric_energy_square":4328.87841796875,"Episode/metric_foot_contacts_z":10.69835376739502,"Episode/metric_torque":0,"_wandb":{"runtime":883},"Perf/total_fps":120369,"Train/mean_reward":-0.018361964584328233,"Episode/metric_tracking_ee_cart":0,"Policy/arm_mean_noise_std":0.20370261371135712,"Loss/priv_reg_loss":0.7385694235563278,"Episode/coeff_ang_vel_yaw_upper_bound":1,"Episode/rew_survive":0.17312297224998474,"Train/mean_episode_length":8.58,"_step":554,"Perf/collection time":1.4061729907989502,"Episode/metric_tracking_ang_vel_yaw_exp":0.15522348880767822,"Policy/leg_mean_noise_std":0.21666666865348816}